Type,Version,Name,Description,Endpoint,SiteID,ResourceID,Kit.Name,Kit.Version,Kit.Class,Kit.SupportLevel,Kit.SupportGoal,Timestamp
"globus-mds4","4.0.7","globus-mds-info","WebServices MDS4","https://grid-abe.ncsa.teragrid.org:8446/wsrf/services/DefaultIndexService","ncsa.teragrid.org","abe.ncsa.teragrid.org","core.teragrid.org","4.2.0","ctss","production","production","2009-07-23T05:06:02Z"
"gridftp","4.0.8","gridftp-default-server","GridFTP","gsiftp://gridftp-abe.ncsa.teragrid.org:2811/","ncsa.teragrid.org","abe.ncsa.teragrid.org","data-movement.teragrid.org","4.1.2","ctss","production","production","2009-07-23T05:06:02Z"
"gridftp","4.0.8","gridftp-nonstriped-server","GridFTP","gsiftp://gridftp-abe.ncsa.teragrid.org:2812/","ncsa.teragrid.org","abe.ncsa.teragrid.org","data-movement.teragrid.org","4.1.2","ctss","production","production","2009-07-23T05:06:02Z"
"gridftp","4.0.8","gridftp-striped-server","GridFTP","gsiftp://gridftp-abe.ncsa.teragrid.org:2811/","ncsa.teragrid.org","abe.ncsa.teragrid.org","data-movement.teragrid.org","4.1.2","ctss","production","production","2009-07-23T05:06:02Z"
"gsi-openssh","4.5","gsi-openssh","GSI OpenSSH","login-abe.ncsa.teragrid.org:22","ncsa.teragrid.org","abe.ncsa.teragrid.org","data-movement.teragrid.org","4.1.2","ctss","production","production","2009-07-23T05:06:02Z"
"ws-rft","4.0.7","rft","WebServices Reliable File Transfer","https://grid-abe.ncsa.teragrid.org:8443/wsrf/services/ReliableFileTransferService","ncsa.teragrid.org","abe.ncsa.teragrid.org","data-movement.teragrid.org","4.1.2","ctss","production","production","2009-07-23T05:06:02Z"
"gsi-openssh","4.5","gsi-openssh","GSI OpenSSH","login-abe.ncsa.teragrid.org:22","ncsa.teragrid.org","abe.ncsa.teragrid.org","login.teragrid.org","4.0.0","ctss","production","production","2009-07-23T05:06:02Z"
"condor-g","6.7.18","condor-g","Condor-G","embedded_in_software","ncsa.teragrid.org","abe.ncsa.teragrid.org","workflow.teragrid.org","4.0.0","ctss","production","production","2009-07-23T05:06:02Z"
"globus-mds4","4.0.7","globus-mds-secure","WebServices MDS4","https://grid-abe.ncsa.teragrid.org:8443/wsrf/services/SecureIndexService","ncsa.teragrid.org","abe.ncsa.teragrid.org","remote-compute.teragrid.org","4.0.2","ctss","production","production","2009-07-23T05:06:02Z"
"globus-mds4","4.0.7","globus-mds","WebServices MDS4","https://grid-abe.ncsa.teragrid.org:8443/wsrf/services/DefaultIndexService","ncsa.teragrid.org","abe.ncsa.teragrid.org","remote-compute.teragrid.org","4.0.2","ctss","production","production","2009-07-23T05:06:02Z"
"prews-gram","4.0.7","prews-gram-fork","Pre-WebServices GRAM","https://grid-abe.ncsa.teragrid.org:2119/jobmanager-fork","ncsa.teragrid.org","abe.ncsa.teragrid.org","remote-compute.teragrid.org","4.0.2","ctss","production","production","2009-07-23T05:06:02Z"
"ws-delegation","4.0.7","ws-delegation","WebServices Delegation","https://grid-abe.ncsa.teragrid.org:8443/wsrf/services/DelegationService","ncsa.teragrid.org","abe.ncsa.teragrid.org","remote-compute.teragrid.org","4.0.2","ctss","production","production","2009-07-23T05:06:02Z"
"ws-gram","4.0.7","ws-gram/Fork","WebServices GRAM","https://grid-abe.ncsa.teragrid.org:8443/wsrf/services/ManagedJobFactoryService","ncsa.teragrid.org","abe.ncsa.teragrid.org","remote-compute.teragrid.org","4.0.2","ctss","production","production","2009-07-23T05:06:02Z"
"prews-gram","4.0.7","prews-gram-pbs","Pre-WebServices GRAM","https://grid-abe.ncsa.teragrid.org:2119/jobmanager-pbs","ncsa.teragrid.org","abe.ncsa.teragrid.org","remote-compute.teragrid.org","4.0.2","ctss","production","production","2009-07-23T05:06:02Z"
"ws-ogsa-dai","4.0.7","ogsa-dai/TeraGridResource","OGSA DAI","https://grid-abe.ncsa.teragrid.org:8443/wsrf/services/ogsadai/Teragrid","ncsa.teragrid.org","abe.ncsa.teragrid.org","remote-compute.teragrid.org","4.0.2","ctss","production","production","2009-07-23T05:06:02Z"
"ws-gram","4.0.7","ws-gram/PBS","WebServices GRAM","https://grid-abe.ncsa.teragrid.org:8443/wsrf/services/ManagedJobFactoryService","ncsa.teragrid.org","abe.ncsa.teragrid.org","remote-compute.teragrid.org","4.0.2","ctss","production","production","2009-07-23T05:06:02Z"
"mcp","1.0","mcp","","not_applicable","ncsa.teragrid.org","abe.ncsa.teragrid.org","metascheduling.teragrid.org","4.2.0","ctss","production","production","2009-07-23T05:06:02Z"
"globus-mds4","4.0.7","globus-mds-info","WebServices MDS4","https://grid-lincoln.ncsa.teragrid.org:8446/wsrf/services/DefaultIndexService","ncsa.teragrid.org","lincoln.ncsa.teragrid.org","core.teragrid.org","4.2.0","ctss","production","production","2009-07-23T05:06:03Z"
"gridftp","4.0.8","gridftp-default-server","GridFTP","gsiftp://gridftp-abe.ncsa.teragrid.org:2811/","ncsa.teragrid.org","lincoln.ncsa.teragrid.org","data-movement.teragrid.org","4.1.2","ctss","production","production","2009-07-23T05:06:03Z"
"gridftp","4.0.8","gridftp-nonstriped-server","GridFTP","gsiftp://gridftp-abe.ncsa.teragrid.org:2812/","ncsa.teragrid.org","lincoln.ncsa.teragrid.org","data-movement.teragrid.org","4.1.2","ctss","production","production","2009-07-23T05:06:03Z"
"gridftp","4.0.8","gridftp-striped-server","GridFTP","gsiftp://gridftp-abe.ncsa.teragrid.org:2811/","ncsa.teragrid.org","lincoln.ncsa.teragrid.org","data-movement.teragrid.org","4.1.2","ctss","production","production","2009-07-23T05:06:03Z"
"gsi-openssh","4.5","gsi-openssh","GSI OpenSSH","login-abe.ncsa.teragrid.org:22","ncsa.teragrid.org","lincoln.ncsa.teragrid.org","data-movement.teragrid.org","4.1.2","ctss","production","production","2009-07-23T05:06:03Z"
"ws-rft","4.0.7","rft","WebServices Reliable File Transfer","https://grid-abe.ncsa.teragrid.org:8443/wsrf/services/ReliableFileTransferService","ncsa.teragrid.org","lincoln.ncsa.teragrid.org","data-movement.teragrid.org","4.1.2","ctss","production","production","2009-07-23T05:06:03Z"
"gsi-openssh","4.5","gsi-openssh","GSI OpenSSH","login-abe.ncsa.teragrid.org:22","ncsa.teragrid.org","lincoln.ncsa.teragrid.org","login.teragrid.org","4.0.0","ctss","production","production","2009-07-23T05:06:03Z"
"condor-g","6.7.18","condor-g","Condor-G","embedded_in_software","ncsa.teragrid.org","lincoln.ncsa.teragrid.org","workflow.teragrid.org","4.0.0","ctss","production","production","2009-07-23T05:06:03Z"
"globus-mds4","4.0.7","globus-mds-secure","WebServices MDS4","https://grid-abe.ncsa.teragrid.org:8443/wsrf/services/SecureIndexService","ncsa.teragrid.org","lincoln.ncsa.teragrid.org","remote-compute.teragrid.org","4.0.2","ctss","production","production","2009-07-23T05:06:03Z"
"globus-mds4","4.0.7","globus-mds","WebServices MDS4","https://grid-abe.ncsa.teragrid.org:8443/wsrf/services/DefaultIndexService","ncsa.teragrid.org","lincoln.ncsa.teragrid.org","remote-compute.teragrid.org","4.0.2","ctss","production","production","2009-07-23T05:06:03Z"
"prews-gram","4.0.7","prews-gram-fork","Pre-WebServices GRAM","https://grid-abe.ncsa.teragrid.org:2119/jobmanager-fork","ncsa.teragrid.org","lincoln.ncsa.teragrid.org","remote-compute.teragrid.org","4.0.2","ctss","production","production","2009-07-23T05:06:03Z"
"ws-delegation","4.0.7","ws-delegation","WebServices Delegation","https://grid-abe.ncsa.teragrid.org:8443/wsrf/services/DelegationService","ncsa.teragrid.org","lincoln.ncsa.teragrid.org","remote-compute.teragrid.org","4.0.2","ctss","production","production","2009-07-23T05:06:03Z"
"ws-gram","4.0.7","ws-gram/Fork","WebServices GRAM","https://grid-abe.ncsa.teragrid.org:8443/wsrf/services/ManagedJobFactoryService","ncsa.teragrid.org","lincoln.ncsa.teragrid.org","remote-compute.teragrid.org","4.0.2","ctss","production","production","2009-07-23T05:06:03Z"
"prews-gram","4.0.7","prews-gram-pbs","Pre-WebServices GRAM","https://grid-abe.ncsa.teragrid.org:2119/jobmanager-pbs","ncsa.teragrid.org","lincoln.ncsa.teragrid.org","remote-compute.teragrid.org","4.0.2","ctss","production","production","2009-07-23T05:06:03Z"
"ws-ogsa-dai","4.0.7","ogsa-dai/TeraGridResource","OGSA DAI","https://grid-abe.ncsa.teragrid.org:8443/wsrf/services/ogsadai/Teragrid","ncsa.teragrid.org","lincoln.ncsa.teragrid.org","remote-compute.teragrid.org","4.0.2","ctss","production","production","2009-07-23T05:06:03Z"
"ws-gram","4.0.7","ws-gram/PBS","WebServices GRAM","https://grid-abe.ncsa.teragrid.org:8443/wsrf/services/ManagedJobFactoryService","ncsa.teragrid.org","lincoln.ncsa.teragrid.org","remote-compute.teragrid.org","4.0.2","ctss","production","production","2009-07-23T05:06:03Z"
"mcp","1.0","mcp","","not_applicable","ncsa.teragrid.org","lincoln.ncsa.teragrid.org","metascheduling.teragrid.org","4.2.0","ctss","production","production","2009-07-23T05:06:03Z"
"globus-mds4","4.0.8","globus-mds-info","WebServices MDS4","https://hpssi4.uits.iupui.edu:8446/wsrf/services/DefaultIndexService","iu.teragrid.org","hpss.iu.teragrid.org","core.teragrid.org","4.2.0","ctss","production","production","2009-07-23T05:04:08Z"
"globus-mds4","4.0.7","globus-mds-info","WebServices MDS4","https://ranch.tacc.teragrid.org:8446/wsrf/services/DefaultIndexService","tacc.teragrid.org","ranch.tacc.teragrid.org","core.teragrid.org","4.2.0","ctss","production","production","2009-07-23T05:04:02Z"
"gridftp","4.0.8","gridftp-default-server","GridFTP","gsiftp://gridftp.ranch.tacc.teragrid.org:2811/","tacc.teragrid.org","ranch.tacc.teragrid.org","data-movement-servers.teragrid.org","4.2.0","ctss","production","production","2009-07-23T05:04:02Z"
"gridftp","4.0.8","gridftp-nonstriped-server","GridFTP","gsiftp://ranch.tacc.teragrid.org:2812/","tacc.teragrid.org","ranch.tacc.teragrid.org","data-movement-servers.teragrid.org","4.2.0","ctss","production","production","2009-07-23T05:04:02Z"
"gridftp","4.0.8","gridftp-striped-server","GridFTP","gsiftp://gridftp.ranch.tacc.teragrid.org:2811/","tacc.teragrid.org","ranch.tacc.teragrid.org","data-movement-servers.teragrid.org","4.2.0","ctss","production","production","2009-07-23T05:04:02Z"
"gsi-openssh","4.5","gsi-scp-hpn-server","GSI OpenSSH","ranch.tacc.teragrid.org:2222","tacc.teragrid.org","ranch.tacc.teragrid.org","data-movement-servers.teragrid.org","4.2.0","ctss","production","production","2009-07-23T05:04:02Z"
"globus-mds4","4.0.8","globus-mds-info","WebServices MDS4","https://tg-condor.purdue.teragrid.org:8446/wsrf/services/DefaultIndexService","purdue.teragrid.org","condor.purdue.teragrid.org","core.teragrid.org","4.2.0","ctss","production","production","2009-07-23T05:03:13Z"
"gsi-openssh","4.5","gsi-openssh","GSI OpenSSH","tg-condor.purdue.teragrid.org:22","purdue.teragrid.org","condor.purdue.teragrid.org","login.teragrid.org","4.0.0","ctss","production","production","2009-07-23T05:03:13Z"
"prews-gram","4.0.7","prews-gram-condor","Pre-WebServices GRAM","tg-condor.purdue.teragrid.org:2119/jobmanager-condor","purdue.teragrid.org","condor.purdue.teragrid.org","remote-compute.teragrid.org","4.0.2","ctss","production","production","2009-07-23T05:03:13Z"
"globus-mds4","4.0.7","globus-mds","WebServices MDS4","https://tg-condor.purdue.teragrid.org:8443/wsrf/services/DefaultIndexService","purdue.teragrid.org","condor.purdue.teragrid.org","remote-compute.teragrid.org","4.0.2","ctss","production","production","2009-07-23T05:03:13Z"
"globus-mds4","4.0.7","globus-mds-secure","WebServices MDS4","https://tg-condor.purdue.teragrid.org:8443/wsrf/services/SecureIndexService","purdue.teragrid.org","condor.purdue.teragrid.org","remote-compute.teragrid.org","4.0.2","ctss","production","production","2009-07-23T05:03:13Z"
"ws-delegation","4.0.7","ws-delegation","WebServices Delegation","https://tg-condor.purdue.teragrid.org:8443/wsrf/services/DelegationService","purdue.teragrid.org","condor.purdue.teragrid.org","remote-compute.teragrid.org","4.0.2","ctss","production","production","2009-07-23T05:03:13Z"
"ws-ogsa-dai","4.0.7","ogsa-dai/TeraGridResource","OGSA DAI","https://tg-condor.purdue.teragrid.org:8443/wsrf/services/ogsadai/Teragrid","purdue.teragrid.org","condor.purdue.teragrid.org","remote-compute.teragrid.org","4.0.2","ctss","production","production","2009-07-23T05:03:13Z"
"ws-gram","4.0.7","ws-gram/Condor","WebServices GRAM","https://tg-condor.purdue.teragrid.org:8443/wsrf/services/ManagedJobFactoryService","purdue.teragrid.org","condor.purdue.teragrid.org","remote-compute.teragrid.org","4.0.2","ctss","production","production","2009-07-23T05:03:13Z"
"ws-gram","4.0.7","ws-gram/Fork","WebServices GRAM","https://tg-condor.purdue.teragrid.org:8443/wsrf/services/ManagedJobFactoryService","purdue.teragrid.org","condor.purdue.teragrid.org","remote-compute.teragrid.org","4.0.2","ctss","production","production","2009-07-23T05:03:13Z"
"prews-gram","4.0.7","prews-gram-fork","Pre-WebServices GRAM","tg-condor.teragrid.purdue.org:2119/jobmanager-fork","purdue.teragrid.org","condor.purdue.teragrid.org","remote-compute.teragrid.org","4.0.2","ctss","production","production","2009-07-23T05:03:13Z"
"gsi-openssh","4.5","gsi-scp-hpn","GSI OpenSSH","tg-condor.purdue.teragrid.org:22","purdue.teragrid.org","condor.purdue.teragrid.org","data-movement.teragrid.org","4.1.2","ctss","production","production","2009-07-23T05:03:13Z"
"ws-rft","4.0.7","rft","WebServices Reliable File Transfer","https://tg-condor.purdue.teragrid.org:8443/wsrf/services/ReliableFileTransferService","purdue.teragrid.org","condor.purdue.teragrid.org","data-movement.teragrid.org","4.1.2","ctss","production","production","2009-07-23T05:03:13Z"
"gridftp","4.0.8","gridftp-striped-server","GridFTP","gsiftp://tg-data.purdue.teragrid.org:2811/","purdue.teragrid.org","condor.purdue.teragrid.org","data-movement.teragrid.org","4.1.2","ctss","production","production","2009-07-23T05:03:13Z"
"gridftp","4.0.8","gridftp-default-server","GridFTP","gsiftp://tg-condor.purdue.teragrid.org:2811/","purdue.teragrid.org","condor.purdue.teragrid.org","data-movement.teragrid.org","4.1.2","ctss","production","production","2009-07-23T05:03:13Z"
"srb","3.4.1","srb-server","Storage Request Broker","srb://srb.rcac.purdue.edu:7321/","purdue.teragrid.org","condor.purdue.teragrid.org","data-management.teragrid.org","4.0.0","ctss","production","production","2009-07-23T05:03:13Z"
"condor-g","6.9.3","condor-g","Condor-G","embedded_in_software","purdue.teragrid.org","condor.purdue.teragrid.org","workflow.teragrid.org","4.0.0","ctss","production","production","2009-07-23T05:03:13Z"
"globus-mds4","4.0.8","globus-mds-info","WebServices MDS4","https://portia.rcac.purdue.edu:8446/wsrf/services/DefaultIndexService","purdue.teragrid.org","brutus.purdue.teragrid.org","core.teragrid.org","4.2.0","ctss","production","production","2009-07-23T05:04:59Z"
"gsi-openssh","4.5","gsi-openssh","GSI OpenSSH","fpga.purdue.teragrid.org:22","purdue.teragrid.org","brutus.purdue.teragrid.org","login.teragrid.org","4.0.0","ctss","production","production","2009-07-23T05:04:59Z"
"globus-mds4","4.0.7","globus-mds","WebServices MDS4","https://fpga.purdue.teragrid.org:8443/wsrf/services/DefaultIndexService","purdue.teragrid.org","brutus.purdue.teragrid.org","remote-compute.teragrid.org","4.0.2","ctss","production","production","2009-07-23T05:04:59Z"
"prews-gram","4.0.7","prews-gram-condor","Pre-WebServices GRAM","fpga.purdue.teragrid.org:2119/jobmanager-condor","purdue.teragrid.org","brutus.purdue.teragrid.org","remote-compute.teragrid.org","4.0.2","ctss","production","production","2009-07-23T05:04:59Z"
"globus-mds4","4.0.7","globus-mds-secure","WebServices MDS4","https://fpga.purdue.teragrid.org:8443/wsrf/services/SecureIndexService","purdue.teragrid.org","brutus.purdue.teragrid.org","remote-compute.teragrid.org","4.0.2","ctss","production","production","2009-07-23T05:04:59Z"
"ws-gram","4.0.7","ws-gram/Fork","WebServices GRAM","https://fpga.purdue.teragrid.org:8443/wsrf/services/ManagedJobFactoryService","purdue.teragrid.org","brutus.purdue.teragrid.org","remote-compute.teragrid.org","4.0.2","ctss","production","production","2009-07-23T05:04:59Z"
"prews-gram","4.0.7","prews-gram-fork","Pre-WebServices GRAM","tg-condor.teragrid.purdue.org:2119/jobmanager-fork","purdue.teragrid.org","brutus.purdue.teragrid.org","remote-compute.teragrid.org","4.0.2","ctss","production","production","2009-07-23T05:04:59Z"
"ws-delegation","4.0.7","ws-delegation","WebServices Delegation","https://fpga.purdue.teragrid.org:8443/wsrf/services/DelegationService","purdue.teragrid.org","brutus.purdue.teragrid.org","remote-compute.teragrid.org","4.0.2","ctss","production","production","2009-07-23T05:04:59Z"
"ws-gram","4.0.7","ws-gram/Condor","WebServices GRAM","https://fpga.purdue.teragrid.org:8443/wsrf/services/ManagedJobFactoryService","purdue.teragrid.org","brutus.purdue.teragrid.org","remote-compute.teragrid.org","4.0.2","ctss","production","production","2009-07-23T05:04:59Z"
"ws-ogsa-dai","4.0.7","ogsa-dai/TeraGridResource","OGSA DAI","https://fpga.purdue.teragrid.org:8443/wsrf/services/ogsadai/Teragrid","purdue.teragrid.org","brutus.purdue.teragrid.org","remote-compute.teragrid.org","4.0.2","ctss","production","production","2009-07-23T05:04:59Z"
"gsi-openssh","4.5","gsi-scp-hpn","GSI OpenSSH","fpga.purdue.teragrid.org:22","purdue.teragrid.org","brutus.purdue.teragrid.org","data-movement.teragrid.org","4.1.2","ctss","production","production","2009-07-23T05:04:59Z"
"gridftp","4.0.8","gridftp-striped-server","GridFTP","gsiftp://tg-data.purdue.teragrid.org:2811/","purdue.teragrid.org","brutus.purdue.teragrid.org","data-movement.teragrid.org","4.1.2","ctss","production","production","2009-07-23T05:04:59Z"
"gridftp","4.0.8","gridftp-default-server","GridFTP","gsiftp://fpga.purdue.teragrid.org:2811/","purdue.teragrid.org","brutus.purdue.teragrid.org","data-movement.teragrid.org","4.1.2","ctss","production","production","2009-07-23T05:04:59Z"
"ws-rft","4.0.7","rft","WebServices Reliable File Transfer","https://fpga.purdue.teragrid.org:8443/wsrf/services/ReliableFileTransferService","purdue.teragrid.org","brutus.purdue.teragrid.org","data-movement.teragrid.org","4.1.2","ctss","production","production","2009-07-23T05:04:59Z"
"condor-g","6.9.3","condor-g","Condor-G","embedded_in_software","purdue.teragrid.org","brutus.purdue.teragrid.org","workflow.teragrid.org","4.0.0","ctss","production","production","2009-07-23T05:04:59Z"
"globus-mds4","4.0.8","globus-mds-info","WebServices MDS4","https://spur.tacc.utexas.edu:8446/wsrf/services/DefaultIndexService","tacc.teragrid.org","spur.tacc.teragrid.org","core.teragrid.org","4.2.0","ctss","production","production","2009-07-23T05:03:22Z"
"gridftp","4.0.8","gridftp-default-server","GridFTP","gsiftp://gridftp.spur.tacc.teragrid.org:2811/","tacc.teragrid.org","spur.tacc.teragrid.org","data-movement-servers.teragrid.org","4.2.0","ctss","production","production","2009-07-23T05:03:22Z"
"gridftp","4.0.8","gridftp-nonstriped-server","GridFTP","gsiftp://gridftp.spur.tacc.teragrid.org:2812/","tacc.teragrid.org","spur.tacc.teragrid.org","data-movement-servers.teragrid.org","4.2.0","ctss","production","production","2009-07-23T05:03:22Z"
"gridftp","4.0.8","gridftp-striped-server","GridFTP","gsiftp://gridftp.spur.tacc.teragrid.org:2811/","tacc.teragrid.org","spur.tacc.teragrid.org","data-movement-servers.teragrid.org","4.2.0","ctss","production","production","2009-07-23T05:03:22Z"
"gsi-openssh","4.5","gsi-scp-hpn-server","GSI OpenSSH","gridftp.spur.tacc.teragrid.org:22","tacc.teragrid.org","spur.tacc.teragrid.org","data-movement-servers.teragrid.org","4.2.0","ctss","production","production","2009-07-23T05:03:22Z"
"gsi-openssh","4.7p1","gsi-openssh","GSI OpenSSH","tg-login.spur.tacc.teragrid.org:22","tacc.teragrid.org","spur.tacc.teragrid.org","login.teragrid.org","4.0.0","ctss","production","production","2009-07-23T05:03:22Z"
"globus-mds4","4.0.8","globus-mds-info","WebServices MDS4","https://grid.nics.utk.edu:8446/wsrf/services/DefaultIndexService","nics.teragrid.org","kraken.nics.teragrid.org","core.teragrid.org","4.2.0","ctss","production","production","2009-07-23T05:03:41Z"
"gsi-openssh","5.1p1","gsi-scp-hpn","GSI OpenSSH","kraken-pwd.nics.teragrid.org:22","nics.teragrid.org","kraken.nics.teragrid.org","data-movement.teragrid.org","4.1.2","ctss","production","production","2009-07-23T05:03:41Z"
"gridftp","4.0.8","gridftp-default-server","GridFTP","gsiftp://gridftp.nics.utk.edu:2811/","nics.teragrid.org","kraken.nics.teragrid.org","data-movement.teragrid.org","4.1.2","ctss","production","production","2009-07-23T05:03:41Z"
"gridftp","4.0.8","gridftp-striped-server","GridFTP","gsiftp://gridftp.nics.utk.edu:2811/","nics.teragrid.org","kraken.nics.teragrid.org","data-movement.teragrid.org","4.1.2","ctss","production","production","2009-07-23T05:03:41Z"
"globus-mds4","4.0.3","globus-mds-info","WebServices MDS4","https://tg-login1.sdsc.teragrid.org:8446/wsrf/services/DefaultIndexService","sdsc.teragrid.org","dtf.sdsc.teragrid.org","core.teragrid.org","4.0.2","","production","production","2009-07-23T05:05:09Z"
"condor-g","6.8.4","condor-g","Condor-G","embedded_in_software","sdsc.teragrid.org","dtf.sdsc.teragrid.org","workflow.teragrid.org","4.0.0","","production","production","2009-07-23T05:05:09Z"
"gsi-openssh","4.5","gsi-openssh","GSI OpenSSH","tg-login1.sdsc.teragrid.org:22","sdsc.teragrid.org","dtf.sdsc.teragrid.org","login.teragrid.org","4.0.0","","production","production","2009-07-23T05:05:09Z"
"srb","3.4.1","srb-server","Storage Request Broker","srb://tgsrb.sdsc.edu:7321/","sdsc.teragrid.org","dtf.sdsc.teragrid.org","data-management.teragrid.org","4.0.0","","production","production","2009-07-23T05:05:09Z"
"globus-mds4","4.0.7","globus-mds-secure","WebServices MDS4","https://tg-login1.sdsc.teragrid.org:8443/wsrf/services/SecureIndexService","sdsc.teragrid.org","dtf.sdsc.teragrid.org","remote-compute.teragrid.org","4.0.2","","production","production","2009-07-23T05:05:09Z"
"globus-mds4","4.0.7","globus-mds","WebServices MDS4","https://tg-login1.sdsc.teragrid.org:8443/wsrf/services/DefaultIndexService","sdsc.teragrid.org","dtf.sdsc.teragrid.org","remote-compute.teragrid.org","4.0.2","","production","production","2009-07-23T05:05:09Z"
"prews-gram","4.0.7","prews-gram-fork","Pre-WebServices GRAM","tg-login1.sdsc.teragrid.org:2119/jobmanager-fork","sdsc.teragrid.org","dtf.sdsc.teragrid.org","remote-compute.teragrid.org","4.0.2","","production","production","2009-07-23T05:05:09Z"
"ws-delegation","4.0.7","ws-delegation","WebServices Delegation","https://tg-login1.sdsc.teragrid.org:8443/wsrf/services/DelegationService","sdsc.teragrid.org","dtf.sdsc.teragrid.org","remote-compute.teragrid.org","4.0.2","","production","production","2009-07-23T05:05:09Z"
"ws-gram","4.0.7","ws-gram/Fork","WebServices GRAM","https://tg-login1.sdsc.teragrid.org:8443/wsrf/services/ManagedJobFactoryService","sdsc.teragrid.org","dtf.sdsc.teragrid.org","remote-compute.teragrid.org","4.0.2","","production","production","2009-07-23T05:05:09Z"
"ws-ogsa-dai","4.0.7","ogsa-dai/TeraGridResource","OGSA DAI","https://tg-login1.sdsc.teragrid.org:8443/wsrf/services/ogsadai/Teragrid","sdsc.teragrid.org","dtf.sdsc.teragrid.org","remote-compute.teragrid.org","4.0.2","","production","production","2009-07-23T05:05:09Z"
"ws-gram","4.0.7","ws-gram/PBS","WebServices GRAM","https://tg-login1.sdsc.teragrid.org:8443/wsrf/services/ManagedJobFactoryService","sdsc.teragrid.org","dtf.sdsc.teragrid.org","remote-compute.teragrid.org","4.0.2","","production","production","2009-07-23T05:05:09Z"
"prews-gram","4.0.7","prews-gram-pbs","Pre-WebServices GRAM","tg-login1.sdsc.teragrid.org:2119/jobmanager-pbs","sdsc.teragrid.org","dtf.sdsc.teragrid.org","remote-compute.teragrid.org","4.0.2","","production","production","2009-07-23T05:05:09Z"
"gridftp","4.0.5","gridftp-default-server","GridFTP","gsiftp://tg-gridftp.sdsc.teragrid.org:2811/","sdsc.teragrid.org","dtf.sdsc.teragrid.org","data-movement.teragrid.org","4.1.0","","production","production","2009-07-23T05:05:09Z"
"gridftp","4.0.5","gridftp-striped-server","GridFTP","gsiftp://tg-gridftp.sdsc.teragrid.org:2811/","sdsc.teragrid.org","dtf.sdsc.teragrid.org","data-movement.teragrid.org","4.1.0","","production","production","2009-07-23T05:05:09Z"
"gsi-openssh","4.5","gsi-openssh","GSI OpenSSH","tg-login.sdsc.teragrid.org:22","sdsc.teragrid.org","dtf.sdsc.teragrid.org","data-movement.teragrid.org","4.1.0","","production","production","2009-07-23T05:05:09Z"
"ws-rft","4.0.1","rft","WebServices Reliable File Transfer","https://tg-login1.sdsc.teragrid.org:8443/wsrf/services/ReliableFileTransferService","sdsc.teragrid.org","dtf.sdsc.teragrid.org","data-movement.teragrid.org","4.1.0","","production","production","2009-07-23T05:05:09Z"
"gpfs","3.1","gpfs-wan/cluster","GPFS wide-area file system","/gpfs-wan","sdsc.teragrid.org","dtf.sdsc.teragrid.org","wan-gpfs.teragrid.org","4.0.0","","production","production","2009-07-23T05:05:09Z"
"gur","200902040943","gur","","not_applicable","sdsc.teragrid.org","dtf.sdsc.teragrid.org","coscheduling.teragrid.org","1.0.0","","production","production","2009-07-23T05:05:09Z"
"gur","200902040943","gur","","not_applicable","sdsc.teragrid.org","dtf.sdsc.teragrid.org","advance-reservation.teragrid.org","1.0.0","","production","production","2009-07-23T05:05:09Z"
"globus-mds4","4.0.8","globus-mds-info","WebServices MDS4","https://tg-t005.uc.teragrid.org:8446/wsrf/services/DefaultIndexService","gig.teragrid.org","info1.gig.teragrid.org","core.teragrid.org","4.2.0","ctss","development","development","2009-07-02T17:35:31Z"
"globus-mds4","4.0.8","globus-mds-secure","WebServices MDS4","https://tg-t005.uc.teragrid.org:8443/wsrf/services/SecureIndexService","gig.teragrid.org","info1.gig.teragrid.org","science-gateway.teragrid.org","4.2.0","ctss","development","development","2009-07-02T17:35:31Z"
"globus-mds4","4.0.8","globus-mds","WebServices MDS4","https://tg-t005.uc.teragrid.org:8443/wsrf/services/DefaultIndexService","gig.teragrid.org","info1.gig.teragrid.org","science-gateway.teragrid.org","4.2.0","ctss","development","development","2009-07-02T17:35:31Z"
"ws-delegation","4.0.8","ws-delegation","WebServices Delegation","https://tg-t005.uc.teragrid.org:8443/wsrf/services/DelegationService","gig.teragrid.org","info1.gig.teragrid.org","science-gateway.teragrid.org","4.2.0","ctss","development","development","2009-07-02T17:35:31Z"
"ws-gram","4.0.8","ws-gram/Fork","WebServices GRAM","https://tg-t005.uc.teragrid.org:8443/wsrf/services/ManagedJobFactoryService","gig.teragrid.org","info1.gig.teragrid.org","science-gateway.teragrid.org","4.2.0","ctss","development","development","2009-07-02T17:35:31Z"
"ws-ogsa-dai","4.0.8","ogsa-dai/TeraGridResource","OGSA DAI","https://tg-t005.uc.teragrid.org:8443/wsrf/services/ogsadai/Teragrid","gig.teragrid.org","info1.gig.teragrid.org","science-gateway.teragrid.org","4.2.0","ctss","development","development","2009-07-02T17:35:31Z"
"ws-gram","4.0.8","ws-gram/PBS","WebServices GRAM","https://tg-t005.uc.teragrid.org:8443/wsrf/services/ManagedJobFactoryService","gig.teragrid.org","info1.gig.teragrid.org","science-gateway.teragrid.org","4.2.0","ctss","development","development","2009-07-02T17:35:31Z"
"gridftp","4.0.8","gridftp-default-server","GridFTP","gsiftp://tg-t005.uc.teragrid.org:2811/","gig.teragrid.org","info1.gig.teragrid.org","data-movement-servers.teragrid.org","4.2.0","ctss","development","development","2009-07-02T17:35:31Z"
"gridftp","4.0.8","gridftp-nonstriped-server","GridFTP","gsiftp://tg-t005.uc.teragrid.org:2811/","gig.teragrid.org","info1.gig.teragrid.org","data-movement-servers.teragrid.org","4.2.0","ctss","development","development","2009-07-02T17:35:31Z"
"gridftp","4.0.8","gridftp-striped-server","GridFTP","gsiftp://tg-t005.uc.teragrid.org:2811/","gig.teragrid.org","info1.gig.teragrid.org","data-movement-servers.teragrid.org","4.2.0","ctss","development","development","2009-07-02T17:35:31Z"
"gsi-openssh","4.5","gsi-scp-hpn","GSI OpenSSH","tg-t005.uc.teragrid.org:22","gig.teragrid.org","info1.gig.teragrid.org","data-movement-servers.teragrid.org","4.2.0","ctss","development","development","2009-07-02T17:35:31Z"
"ws-rft","4.0.8","rft","WebServices Reliable File Transfer","https://tg-t005.uc.teragrid.org:8443/wsrf/services/ReliableFileTransferService","gig.teragrid.org","info1.gig.teragrid.org","data-movement-servers.teragrid.org","4.2.0","ctss","development","development","2009-07-02T17:35:31Z"
"globus-mds4","4.0.8","globus-mds-info","WebServices MDS4","https://tg-t005.uc.teragrid.org:8446/wsrf/services/DefaultIndexService","gig.teragrid.org","second.gig.teragrid.org","core.teragrid.org","4.2.0","ctss","development","development","2009-07-02T17:35:31Z"
"globus-mds4","4.0.7","globus-mds-info","WebServices MDS4","https://gram.pople.psc.teragrid.org:8446/wsrf/services/DefaultIndexService","psc.teragrid.org","pople.psc.teragrid.org","core.teragrid.org","4.2.0","ctss","production","production","2009-07-23T05:02:33Z"
"gsi-openssh","5.0","gsi-scp-hpn","GSI OpenSSH","tg-login.pople.psc.teragrid.org:22","psc.teragrid.org","pople.psc.teragrid.org","data-movement.teragrid.org","4.1.2","ctss","production","production","2009-07-23T05:02:33Z"
"gridftp","4.0.8","gridftp-default-server","GridFTP","gsiftp://gridftp.pople.psc.teragrid.org:2811/","psc.teragrid.org","pople.psc.teragrid.org","data-movement.teragrid.org","4.1.2","ctss","production","production","2009-07-23T05:02:33Z"
"gridftp","4.0.8","gridftp-striped-server","GridFTP","gsiftp://gridftp.pople.psc.teragrid.org:2811/","psc.teragrid.org","pople.psc.teragrid.org","data-movement.teragrid.org","4.1.2","ctss","production","production","2009-07-23T05:02:33Z"
"ws-rft","4.0.8","rft","WebServices Reliable File Transfer","https://rft.psc.teragrid.org:8443/wsrf/services/ReliableFileTransferService","psc.teragrid.org","pople.psc.teragrid.org","data-movement.teragrid.org","4.1.2","ctss","production","production","2009-07-23T05:02:33Z"
"globus-mds4","4.0.7","globus-mds","WebServices MDS4","https://gram.pople.psc.teragrid.org:8443/wsrf/services/DefaultIndexService","psc.teragrid.org","pople.psc.teragrid.org","remote-compute.teragrid.org","4.0.2","ctss","production","production","2009-07-23T05:02:33Z"
"globus-mds4","4.0.7","globus-mds-secure","WebServices MDS4","https://gram.pople.psc.teragrid.org:8443/wsrf/services/SecureIndexService","psc.teragrid.org","pople.psc.teragrid.org","remote-compute.teragrid.org","4.0.2","ctss","production","production","2009-07-23T05:02:33Z"
"ws-gram","4.0.7","ws-gram/PBS","WebServices GRAM","https://gram.pople.psc.teragrid.org:8443/wsrf/services/ManagedJobFactoryService","psc.teragrid.org","pople.psc.teragrid.org","remote-compute.teragrid.org","4.0.2","ctss","production","production","2009-07-23T05:02:33Z"
"prews-gram","4.0.7","prews-gram-pbs","Pre-WebServices GRAM","gram.pople.psc.teragrid.org:2119/jobmanager-pbs","psc.teragrid.org","pople.psc.teragrid.org","remote-compute.teragrid.org","4.0.2","ctss","production","production","2009-07-23T05:02:33Z"
"lustre","1.6.4.3","dc-wan/cluster","","/N/dcwan","psc.teragrid.org","pople.psc.teragrid.org","wan-lustre.teragrid.org","4.0.0","ctss","testing","production","2009-07-23T05:02:33Z"
"globus-mds4","4.0.8","globus-mds-info","WebServices MDS4","https://tg-steele.purdue.teragrid.org:8446/wsrf/services/DefaultIndexService","purdue.teragrid.org","steele.purdue.teragrid.org","core.teragrid.org","4.2.0","ctss","production","production","2009-07-23T05:06:38Z"
"gridftp","4.0.8","gridftp-default-server","GridFTP","gsiftp://tg-steele.purdue.teragrid.org:2811/","purdue.teragrid.org","steele.purdue.teragrid.org","data-movement.teragrid.org","4.1.2","ctss","production","production","2009-07-23T05:06:38Z"
"ws-rft","4.0.7","rft","WebServices Reliable File Transfer","https://tg-steele.purdue.teragrid.org:8443/wsrf/services/ReliableFileTransferService","purdue.teragrid.org","steele.purdue.teragrid.org","data-movement.teragrid.org","4.1.2","ctss","production","production","2009-07-23T05:06:38Z"
"gridftp","4.0.8","gridftp-striped-server","GridFTP","gsiftp://tg-data.purdue.teragrid.org:2811/","purdue.teragrid.org","steele.purdue.teragrid.org","data-movement.teragrid.org","4.1.2","ctss","production","production","2009-07-23T05:06:38Z"
"gsi-openssh","4.5","gsi-scp-hpn","GSI OpenSSH","tg-steele.purdue.teragrid.org:22","purdue.teragrid.org","steele.purdue.teragrid.org","data-movement.teragrid.org","4.1.2","ctss","production","production","2009-07-23T05:06:38Z"
"srb","3.4.1","srb-server","Storage Request Broker","srb://srb.rcac.purdue.edu:7321/","purdue.teragrid.org","steele.purdue.teragrid.org","data-management.teragrid.org","4.0.0","ctss","production","production","2009-07-23T05:06:38Z"
"gsi-openssh","4.5","gsi-openssh","GSI OpenSSH","tg-steele.purdue.teragrid.org:22","purdue.teragrid.org","steele.purdue.teragrid.org","login.teragrid.org","4.0.0","ctss","production","production","2009-07-23T05:06:38Z"
"globus-mds4","4.0.7","globus-mds","WebServices MDS4","https://tg-steele.purdue.teragrid.org:8443/wsrf/services/DefaultIndexService","purdue.teragrid.org","steele.purdue.teragrid.org","remote-compute.teragrid.org","4.0.2","ctss","production","production","2009-07-23T05:06:38Z"
"ws-gram","4.0.7","ws-gram/Fork","WebServices GRAM","https://tg-steele.purdue.teragrid.org:8443/wsrf/services/ManagedJobFactoryService","purdue.teragrid.org","steele.purdue.teragrid.org","remote-compute.teragrid.org","4.0.2","ctss","production","production","2009-07-23T05:06:38Z"
"globus-mds4","4.0.7","globus-mds-secure","WebServices MDS4","https://tg-steele.purdue.teragrid.org:8443/wsrf/services/SecureIndexService","purdue.teragrid.org","steele.purdue.teragrid.org","remote-compute.teragrid.org","4.0.2","ctss","production","production","2009-07-23T05:06:38Z"
"ws-ogsa-dai","4.0.7","ogsa-dai/TeraGridResource","OGSA DAI","https://tg-steele.purdue.teragrid.org:8443/wsrf/services/ogsadai/Teragrid","purdue.teragrid.org","steele.purdue.teragrid.org","remote-compute.teragrid.org","4.0.2","ctss","production","production","2009-07-23T05:06:38Z"
"ws-gram","4.0.7","ws-gram/PBS","WebServices GRAM","https://tg-steele.purdue.teragrid.org:8443/wsrf/services/ManagedJobFactoryService","purdue.teragrid.org","steele.purdue.teragrid.org","remote-compute.teragrid.org","4.0.2","ctss","production","production","2009-07-23T05:06:38Z"
"prews-gram","4.0.7","prews-gram-pbs","Pre-WebServices GRAM","tg-steele.purdue.teragrid.org:2119/jobmanager-pbs","purdue.teragrid.org","steele.purdue.teragrid.org","remote-compute.teragrid.org","4.0.2","ctss","production","production","2009-07-23T05:06:38Z"
"ws-delegation","4.0.7","ws-delegation","WebServices Delegation","https://tg-steele.purdue.teragrid.org:8443/wsrf/services/DelegationService","purdue.teragrid.org","steele.purdue.teragrid.org","remote-compute.teragrid.org","4.0.2","ctss","production","production","2009-07-23T05:06:38Z"
"prews-gram","4.0.7","prews-gram-fork","Pre-WebServices GRAM","tg-steele.purdue.teragrid.org:2119/jobmanager-fork","purdue.teragrid.org","steele.purdue.teragrid.org","remote-compute.teragrid.org","4.0.2","ctss","production","production","2009-07-23T05:06:38Z"
"condor-g","6.9.3","condor-g","Condor-G","embedded_in_software","purdue.teragrid.org","steele.purdue.teragrid.org","workflow.teragrid.org","4.0.0","ctss","production","production","2009-07-23T05:06:38Z"
"globus-mds4","4.0.7","globus-mds-info","WebServices MDS4","https://grid-hg.ncsa.teragrid.org:8446/wsrf/services/DefaultIndexService","ncsa.teragrid.org","dtf.ncsa.teragrid.org","core.teragrid.org","4.2.0","ctss","production","production","2009-07-23T05:02:32Z"
"gridftp","4.0.8","gridftp-default-server","GridFTP","gsiftp://gridftp-hg.ncsa.teragrid.org:2811/","ncsa.teragrid.org","dtf.ncsa.teragrid.org","data-movement.teragrid.org","4.1.2","ctss","production","production","2009-07-23T05:02:32Z"
"gridftp","4.0.8","gridftp-nonstriped-server","GridFTP","gsiftp://gridftp-hg.ncsa.teragrid.org:2812/","ncsa.teragrid.org","dtf.ncsa.teragrid.org","data-movement.teragrid.org","4.1.2","ctss","production","production","2009-07-23T05:02:32Z"
"gridftp","4.0.8","gridftp-striped-server","GridFTP","gsiftp://gridftp-hg.ncsa.teragrid.org:2811/","ncsa.teragrid.org","dtf.ncsa.teragrid.org","data-movement.teragrid.org","4.1.2","ctss","production","production","2009-07-23T05:02:32Z"
"gsi-openssh","4.5","gsi-openssh","GSI OpenSSH","login-hg.ncsa.teragrid.org:22","ncsa.teragrid.org","dtf.ncsa.teragrid.org","data-movement.teragrid.org","4.1.2","ctss","production","production","2009-07-23T05:02:32Z"
"ws-rft","4.0.7","rft","WebServices Reliable File Transfer","https://grid-hg.ncsa.teragrid.org:8443/wsrf/services/ReliableFileTransferService","ncsa.teragrid.org","dtf.ncsa.teragrid.org","data-movement.teragrid.org","4.1.2","ctss","production","production","2009-07-23T05:02:32Z"
"gsi-openssh","4.5","gsi-openssh","GSI OpenSSH","login-hg.ncsa.teragrid.org:22","ncsa.teragrid.org","dtf.ncsa.teragrid.org","login.teragrid.org","4.0.0","ctss","production","production","2009-07-23T05:02:32Z"
"condor-g","6.7.18","condor-g","Condor-G","embedded_in_software","ncsa.teragrid.org","dtf.ncsa.teragrid.org","workflow.teragrid.org","4.0.0","ctss","production","production","2009-07-23T05:02:32Z"
"globus-mds4","4.0.7","globus-mds-secure","WebServices MDS4","https://grid-hg.ncsa.teragrid.org:8443/wsrf/services/SecureIndexService","ncsa.teragrid.org","dtf.ncsa.teragrid.org","remote-compute.teragrid.org","4.0.2","ctss","production","production","2009-07-23T05:02:32Z"
"prews-gram","4.0.7","prews-gram-fork","Pre-WebServices GRAM","grid-hg.ncsa.teragrid.org:2119/jobmanager-fork","ncsa.teragrid.org","dtf.ncsa.teragrid.org","remote-compute.teragrid.org","4.0.2","ctss","production","production","2009-07-23T05:02:32Z"
"ws-delegation","4.0.7","ws-delegation","WebServices Delegation","https://grid-hg.ncsa.teragrid.org:8443/wsrf/services/DelegationService","ncsa.teragrid.org","dtf.ncsa.teragrid.org","remote-compute.teragrid.org","4.0.2","ctss","production","production","2009-07-23T05:02:32Z"
"ws-gram","4.0.7","ws-gram/Fork","WebServices GRAM","https://grid-hg.ncsa.teragrid.org:8443/wsrf/services/ManagedJobFactoryService","ncsa.teragrid.org","dtf.ncsa.teragrid.org","remote-compute.teragrid.org","4.0.2","ctss","production","production","2009-07-23T05:02:32Z"
"ws-ogsa-dai","4.0.7","ogsa-dai/TeraGridResource","OGSA DAI","https://grid-hg.ncsa.teragrid.org:8443/wsrf/services/ogsadai/Teragrid","ncsa.teragrid.org","dtf.ncsa.teragrid.org","remote-compute.teragrid.org","4.0.2","ctss","production","production","2009-07-23T05:02:32Z"
"prews-gram","4.0.7","prews-gram-pbs","Pre-WebServices GRAM","grid-hg.ncsa.teragrid.org:2119/jobmanager-pbs","ncsa.teragrid.org","dtf.ncsa.teragrid.org","remote-compute.teragrid.org","4.0.2","ctss","production","production","2009-07-23T05:02:32Z"
"ws-gram","4.0.7","ws-gram/PBS","WebServices GRAM","https://grid-hg.ncsa.teragrid.org:8443/wsrf/services/ManagedJobFactoryService","ncsa.teragrid.org","dtf.ncsa.teragrid.org","remote-compute.teragrid.org","4.0.2","ctss","production","production","2009-07-23T05:02:32Z"
"globus-mds4","4.0.7","globus-mds","WebServices MDS4","https://grid-hg.ncsa.teragrid.org:8443/wsrf/services/DefaultIndexService","ncsa.teragrid.org","dtf.ncsa.teragrid.org","remote-compute.teragrid.org","4.0.2","ctss","production","production","2009-07-23T05:02:32Z"
"ws-gram","4.0.8","ws-gram/Fork","WebServices GRAM","https://grid-hg.ncsa.teragrid.org:8444/wsrf/services/ManagedJobFactoryService","ncsa.teragrid.org","dtf.ncsa.teragrid.org","science-gateway.teragrid.org","4.1.0","ctss","testing","production","2009-07-23T05:02:32Z"
"ws-gram","4.0.8","ws-gram/PBS","WebServices GRAM","https://grid-hg.ncsa.teragrid.org:8444/wsrf/services/ManagedJobFactoryService","ncsa.teragrid.org","dtf.ncsa.teragrid.org","science-gateway.teragrid.org","4.1.0","ctss","testing","production","2009-07-23T05:02:32Z"
"gur","200902051237","gur","","not_applicable","ncsa.teragrid.org","dtf.ncsa.teragrid.org","coscheduling.teragrid.org","1.0.0","ctss","production","production","2009-07-23T05:02:32Z"
"mcp","1.0","mcp","","not_applicable","ncsa.teragrid.org","dtf.ncsa.teragrid.org","metascheduling.teragrid.org","4.2.0","ctss","production","production","2009-07-23T05:02:32Z"
"globus-mds4","4.0.8","globus-mds-info","WebServices MDS4","https://g1.bigred.teragrid.iu.edu:8446/wsrf/services/DefaultIndexService","iu.teragrid.org","bigred.iu.teragrid.org","core.teragrid.org","4.2.0","ctss","production","production","2009-07-23T05:05:55Z"
"gsi-openssh","4.2p1","gsi-openssh","GSI OpenSSH","login.bigred.iu.teragrid.org:22","iu.teragrid.org","bigred.iu.teragrid.org","login.teragrid.org","4.0.0","ctss","production","production","2009-07-23T05:05:55Z"
"condor-g","6.8.4","condor-g","Condor-G","embedded_in_software","iu.teragrid.org","bigred.iu.teragrid.org","workflow.teragrid.org","4.0.0","ctss","production","production","2009-07-23T05:05:55Z"
"globus-mds4","4.0.7","globus-mds-secure","WebServices MDS4","https://gatekeeper.bigred.iu.teragrid.org:8443/wsrf/services/SecureIndexService","iu.teragrid.org","bigred.iu.teragrid.org","remote-compute.teragrid.org","4.0.2","ctss","production","production","2009-07-23T05:05:55Z"
"globus-mds4","4.0.7","globus-mds","WebServices MDS4","https://gatekeeper.bigred.iu.teragrid.org:8443/wsrf/services/DefaultIndexService","iu.teragrid.org","bigred.iu.teragrid.org","remote-compute.teragrid.org","4.0.2","ctss","production","production","2009-07-23T05:05:55Z"
"prews-gram","4.0.7","prews-gram-fork","Pre-WebServices GRAM","gatekeeper.bigred.iu.teragrid.org:2119/jobmanager-fork","iu.teragrid.org","bigred.iu.teragrid.org","remote-compute.teragrid.org","4.0.2","ctss","production","production","2009-07-23T05:05:55Z"
"ws-delegation","4.0.7","ws-delegation","WebServices Delegation","https://gatekeeper.bigred.iu.teragrid.org:8443/wsrf/services/DelegationService","iu.teragrid.org","bigred.iu.teragrid.org","remote-compute.teragrid.org","4.0.2","ctss","production","production","2009-07-23T05:05:55Z"
"ws-gram","4.0.7","ws-gram/Fork","WebServices GRAM","https://gatekeeper.bigred.iu.teragrid.org:8443/wsrf/services/ManagedJobFactoryService","iu.teragrid.org","bigred.iu.teragrid.org","remote-compute.teragrid.org","4.0.2","ctss","production","production","2009-07-23T05:05:55Z"
"prews-gram","4.0.7","prews-gram-loadleveler","Pre-WebServices GRAM","gatekeeper.iu.teragrid.org:2119/jobmanager-loadleveler","iu.teragrid.org","bigred.iu.teragrid.org","remote-compute.teragrid.org","4.0.2","ctss","production","production","2009-07-23T05:05:55Z"
"ws-ogsa-dai","4.0.7","ogsa-dai/TeraGridResource","OGSA DAI","https://gatekeeper.bigred.iu.teragrid.org:8443/wsrf/services/ogsadai/Teragrid","iu.teragrid.org","bigred.iu.teragrid.org","remote-compute.teragrid.org","4.0.2","ctss","production","production","2009-07-23T05:05:55Z"
"ws-gram","4.0.7","ws-gram/Loadleveler","WebServices GRAM","https://gatekeeper.bigred.iu.teragrid.org:8443/wsrf/services/ManagedJobFactoryService","iu.teragrid.org","bigred.iu.teragrid.org","remote-compute.teragrid.org","4.0.2","ctss","production","production","2009-07-23T05:05:55Z"
"gpfs","3.1","gpfs-wan/cluster","GPFS wide-area file system","/N/gpfswan","iu.teragrid.org","bigred.iu.teragrid.org","wan-gpfs.teragrid.org","4.0.0","ctss","production","production","2009-07-23T05:05:55Z"
"gridftp","4.0.8","gridftp-default-server","GridFTP","gsiftp://gridftp.bigred.iu.teragrid.org:2811/","iu.teragrid.org","bigred.iu.teragrid.org","data-movement.teragrid.org","4.1.2","ctss","production","production","2009-07-23T05:05:55Z"
"gridftp","4.0.8","gridftp-nonstriped-server","GridFTP","gsiftp://gridftp.bigred.iu.teragrid.org:2812/","iu.teragrid.org","bigred.iu.teragrid.org","data-movement.teragrid.org","4.1.2","ctss","production","production","2009-07-23T05:05:55Z"
"gridftp","4.0.8","gridftp-striped-server","GridFTP","gsiftp://gridftp.bigred.iu.teragrid.org:2811/","iu.teragrid.org","bigred.iu.teragrid.org","data-movement.teragrid.org","4.1.2","ctss","production","production","2009-07-23T05:05:55Z"
"gsi-openssh","5.0","gsi-scp-hpn","GSI OpenSSH","login.bigred.iu.teragrid.org:22","iu.teragrid.org","bigred.iu.teragrid.org","data-movement.teragrid.org","4.1.2","ctss","production","production","2009-07-23T05:05:55Z"
"ws-rft","4.0.7","rft","WebServices Reliable File Transfer","https://gatekeeper.bigred.iu.teragrid.org:8443/wsrf/services/ReliableFileTransferService","iu.teragrid.org","bigred.iu.teragrid.org","data-movement.teragrid.org","4.1.2","ctss","production","production","2009-07-23T05:05:55Z"
"lustre","1.6.6","dc-wan/cluster","","/N/dcwan","iu.teragrid.org","bigred.iu.teragrid.org","wan-lustre.teragrid.org","4.0.0","ctss","production","production","2009-07-23T05:05:55Z"
"mcp","1.0","mcp","","not_applicable","iu.teragrid.org","bigred.iu.teragrid.org","metascheduling.teragrid.org","4.2.0","ctss","production","production","2009-07-23T05:05:55Z"
"globus-mds4","4.0.8","globus-mds-info","WebServices MDS4","https://fr0103ge.ncar.teragrid.org:8446/wsrf/services/DefaultIndexService","ncar.teragrid.org","frost.ncar.teragrid.org","core.teragrid.org","4.2.0","ctss","production","production","2009-07-23T05:02:38Z"
"gsi-openssh","4.5","gsi-openssh","GSI OpenSSH","tg-login.frost.ncar.teragrid.org:22","ncar.teragrid.org","frost.ncar.teragrid.org","login.teragrid.org","4.0.0","ctss","production","production","2009-07-23T05:02:38Z"
"condor-g","6.7.18","condor-g","Condor-G","embedded_in_software","ncar.teragrid.org","frost.ncar.teragrid.org","workflow.teragrid.org","4.0.0","ctss","production","production","2009-07-23T05:02:38Z"
"gpfs","3.1","gpfs-wan/front-end","GPFS wide-area file system","/mnt/gpfs-wan","ncar.teragrid.org","frost.ncar.teragrid.org","wan-gpfs.teragrid.org","4.0.0","ctss","production","production","2009-07-23T05:02:38Z"
"globus-mds4","4.0.7","globus-mds-secure","WebServices MDS4","https://gatekeeper.frost.ncar.teragrid.org:8443/wsrf/services/SecureIndexService","ncar.teragrid.org","frost.ncar.teragrid.org","remote-compute.teragrid.org","4.0.2","ctss","production","production","2009-07-23T05:02:38Z"
"globus-mds4","4.0.7","globus-mds","WebServices MDS4","https://gatekeeper.frost.ncar.teragrid.org:8443/wsrf/services/DefaultIndexService","ncar.teragrid.org","frost.ncar.teragrid.org","remote-compute.teragrid.org","4.0.2","ctss","production","production","2009-07-23T05:02:38Z"
"prews-gram","4.0.7","prews-gram-cobalt","Pre-WebServices GRAM","gatekeeper.frost.ncar.teragrid.org:2119/jobmanager-cobalt","ncar.teragrid.org","frost.ncar.teragrid.org","remote-compute.teragrid.org","4.0.2","ctss","production","production","2009-07-23T05:02:38Z"
"prews-gram","4.0.7","prews-gram-fork","Pre-WebServices GRAM","gatekeeper.frost.ncar.teragrid.org:2119/jobmanager-fork","ncar.teragrid.org","frost.ncar.teragrid.org","remote-compute.teragrid.org","4.0.2","ctss","production","production","2009-07-23T05:02:38Z"
"ws-delegation","4.0.7","ws-delegation","WebServices Delegation","https://gatekeeper.frost.ncar.teragrid.org:8443/wsrf/services/DelegationService","ncar.teragrid.org","frost.ncar.teragrid.org","remote-compute.teragrid.org","4.0.2","ctss","production","production","2009-07-23T05:02:38Z"
"ws-gram","4.0.7","ws-gram/Fork","WebServices GRAM","https://gatekeeper.frost.ncar.teragrid.org:8443/wsrf/services/ManagedJobFactoryService","ncar.teragrid.org","frost.ncar.teragrid.org","remote-compute.teragrid.org","4.0.2","ctss","production","production","2009-07-23T05:02:38Z"
"ws-ogsa-dai","4.0.7","ogsa-dai/TeraGridResource","OGSA DAI","https://gatekeeper.frost.ncar.teragrid.org:8443/wsrf/services/ogsadai/Teragrid","ncar.teragrid.org","frost.ncar.teragrid.org","remote-compute.teragrid.org","4.0.2","ctss","production","production","2009-07-23T05:02:38Z"
"ws-gram","4.0.7","ws-gram/Cobalt","WebServices GRAM","https://gatekeeper.frost.ncar.teragrid.org:8443/wsrf/services/ManagedJobFactoryService","ncar.teragrid.org","frost.ncar.teragrid.org","remote-compute.teragrid.org","4.0.2","ctss","production","production","2009-07-23T05:02:38Z"
"gridftp","4.0.8","gridftp-default-server","GridFTP","gsiftp://gridftp.frost.ncar.teragrid.org:2811/","ncar.teragrid.org","frost.ncar.teragrid.org","data-movement.teragrid.org","4.1.2","ctss","production","production","2009-07-23T05:02:38Z"
"gridftp","4.0.8","gridftp-striped-server","GridFTP","gsiftp://gridftp.frost.ncar.teragrid.org:2811/","ncar.teragrid.org","frost.ncar.teragrid.org","data-movement.teragrid.org","4.1.2","ctss","production","production","2009-07-23T05:02:38Z"
"gsi-scp-hpn","4.5","gsi-scp-hpn","","tg-login.frost.ncar.teragrid.org:22","ncar.teragrid.org","frost.ncar.teragrid.org","data-movement.teragrid.org","4.1.2","ctss","production","production","2009-07-23T05:02:38Z"
"ws-rft","4.0.7","rft","WebServices Reliable File Transfer","https://gatekeeper.frost.ncar.teragrid.org:8443/wsrf/services/ReliableFileTransferService","ncar.teragrid.org","frost.ncar.teragrid.org","data-movement.teragrid.org","4.1.2","ctss","production","production","2009-07-23T05:02:38Z"
"globus-mds4","4.0.8","globus-mds-info","WebServices MDS4","https://queenbee.loni-lsu.teragrid.org:8446/wsrf/services/DefaultIndexService","loni-lsu.teragrid.org","queenbee.loni-lsu.teragrid.org","core.teragrid.org","4.2.0","ctss","production","production","2009-07-23T05:04:15Z"
"condor-g-matchmaking","7.2.1","condor-g-matchmaking","","embedded_in_software","loni-lsu.teragrid.org","queenbee.loni-lsu.teragrid.org","workflow.teragrid.org","4.2.0","ctss","production","production","2009-07-23T05:04:15Z"
"condor-g","7.2.1","condor-g","Condor-G","embedded_in_software","loni-lsu.teragrid.org","queenbee.loni-lsu.teragrid.org","workflow.teragrid.org","4.2.0","ctss","production","production","2009-07-23T05:04:15Z"
"gsi-openssh","4.3","gsi-openssh","GSI OpenSSH","queenbee.loni-lsu.teragrid.org:22","loni-lsu.teragrid.org","queenbee.loni-lsu.teragrid.org","login.teragrid.org","4.0.2","ctss","production","production","2009-07-23T05:04:15Z"
"gsi-openssh","4.5","gsi-scp-hpn-server","GSI OpenSSH","queenbee.loni-lsu.teragrid.org:22","loni-lsu.teragrid.org","queenbee.loni-lsu.teragrid.org","data-movement-servers.teragrid.org","4.2.0","ctss","production","production","2009-07-23T05:04:15Z"
"gridftp","4.0.8","gridftp-striped-server","GridFTP","gsiftp://queenbee.loni-lsu.teragrid.org:2811/","loni-lsu.teragrid.org","queenbee.loni-lsu.teragrid.org","data-movement-servers.teragrid.org","4.2.0","ctss","production","production","2009-07-23T05:04:15Z"
"gridftp","4.0.8","gridftp-default-server","GridFTP","gsiftp://queenbee.loni-lsu.teragrid.org:2811/","loni-lsu.teragrid.org","queenbee.loni-lsu.teragrid.org","data-movement-servers.teragrid.org","4.2.0","ctss","production","production","2009-07-23T05:04:15Z"
"gridftp","4.0.8","gridftp-nonstriped-server","GridFTP","gsiftp://queenbee.loni-lsu.teragrid.org:2812/","loni-lsu.teragrid.org","queenbee.loni-lsu.teragrid.org","data-movement-servers.teragrid.org","4.2.0","ctss","production","production","2009-07-23T05:04:15Z"
"ws-rft","4.0.8","rft","WebServices Reliable File Transfer","https://queenbee.loni-lsu.teragrid.org:8443/wsrf/services/ReliableFileTransferService","loni-lsu.teragrid.org","queenbee.loni-lsu.teragrid.org","data-movement-servers.teragrid.org","4.2.0","ctss","production","production","2009-07-23T05:04:15Z"
"ws-gram","4.0.8","ws-gram/PBS","WebServices GRAM","https://queenbee.loni-lsu.teragrid.org:8443/wsrf/services/ManagedJobFactoryService","loni-lsu.teragrid.org","queenbee.loni-lsu.teragrid.org","remote-compute.teragrid.org","4.2.0","ctss","production","production","2009-07-23T05:04:15Z"
"ws-delegation","4.0.8","ws-delegation","WebServices Delegation","https://queenbee.loni-lsu.teragrid.org:8443/wsrf/services/DelegationService","loni-lsu.teragrid.org","queenbee.loni-lsu.teragrid.org","remote-compute.teragrid.org","4.2.0","ctss","production","production","2009-07-23T05:04:15Z"
"ws-gram","4.0.8","ws-gram/Fork","WebServices GRAM","https://queenbee.loni-lsu.teragrid.org:8443/wsrf/services/ManagedJobFactoryService","loni-lsu.teragrid.org","queenbee.loni-lsu.teragrid.org","remote-compute.teragrid.org","4.2.0","ctss","production","production","2009-07-23T05:04:15Z"
"prews-gram","4.0.8","prews-gram-pbs","Pre-WebServices GRAM","queenbee.loni-lsu.teragrid.org:2119/jobmanager-pbs","loni-lsu.teragrid.org","queenbee.loni-lsu.teragrid.org","remote-compute.teragrid.org","4.2.0","ctss","production","production","2009-07-23T05:04:15Z"
"prews-gram","4.0.8","prews-gram-fork","Pre-WebServices GRAM","queenbee.loni-lsu.teragrid.org:2119/jobmanager-fork","loni-lsu.teragrid.org","queenbee.loni-lsu.teragrid.org","remote-compute.teragrid.org","4.2.0","ctss","production","production","2009-07-23T05:04:15Z"
"globus-mds4","4.0.8","globus-mds","WebServices MDS4","https://queenbee.loni-lsu.teragrid.org:8443/wsrf/services/DefaultIndexService","loni-lsu.teragrid.org","queenbee.loni-lsu.teragrid.org","remote-compute.teragrid.org","4.2.0","ctss","production","production","2009-07-23T05:04:15Z"
"prews-gram","4.0.8","prews-gram-fork","Pre-WebServices GRAM","queenbee.loni-lsu.teragrid.org:2119/jobmanager","loni-lsu.teragrid.org","queenbee.loni-lsu.teragrid.org","remote-compute.teragrid.org","4.2.0","ctss","production","production","2009-07-23T05:04:15Z"
"globus-mds4","4.0.8","globus-mds-secure","WebServices MDS4","https://queenbee.loni-lsu.teragrid.org:8443/wsrf/services/SecureIndexService","loni-lsu.teragrid.org","queenbee.loni-lsu.teragrid.org","remote-compute.teragrid.org","4.2.0","ctss","production","production","2009-07-23T05:04:15Z"
"ws-gram","4.0.8","ws-gram/PBS","WebServices GRAM","https://queenbee.loni-lsu.teragrid.org:8443/wsrf/services/ManagedJobFactoryService","loni-lsu.teragrid.org","queenbee.loni-lsu.teragrid.org","science-gateway.teragrid.org","4.2.0","ctss","production","production","2009-07-23T05:04:15Z"
"ws-delegation","4.0.8","ws-delegation","WebServices Delegation","https://queenbee.loni-lsu.teragrid.org:8443/wsrf/services/DelegationService","loni-lsu.teragrid.org","queenbee.loni-lsu.teragrid.org","science-gateway.teragrid.org","4.2.0","ctss","production","production","2009-07-23T05:04:15Z"
"ws-gram","4.0.8","ws-gram/Fork","WebServices GRAM","https://queenbee.loni-lsu.teragrid.org:8443/wsrf/services/ManagedJobFactoryService","loni-lsu.teragrid.org","queenbee.loni-lsu.teragrid.org","science-gateway.teragrid.org","4.2.0","ctss","production","production","2009-07-23T05:04:15Z"
"prews-gram","4.0.8","prews-gram-pbs","Pre-WebServices GRAM","queenbee.loni-lsu.teragrid.org:2119/jobmanager-pbs","loni-lsu.teragrid.org","queenbee.loni-lsu.teragrid.org","science-gateway.teragrid.org","4.2.0","ctss","production","production","2009-07-23T05:04:15Z"
"prews-gram","4.0.8","prews-gram-fork","Pre-WebServices GRAM","queenbee.loni-lsu.teragrid.org:2119/jobmanager-fork","loni-lsu.teragrid.org","queenbee.loni-lsu.teragrid.org","science-gateway.teragrid.org","4.2.0","ctss","production","production","2009-07-23T05:04:15Z"
"ws-ogsa-dai","4.0.8","ogsa-dai/TeraGridResource","OGSA DAI","https://queenbee.loni-lsu.teragrid.org:8443/wsrf/services/ogsadai/Teragrid","loni-lsu.teragrid.org","queenbee.loni-lsu.teragrid.org","science-gateway.teragrid.org","4.2.0","ctss","production","production","2009-07-23T05:04:15Z"
"globus-mds4","4.0.8","globus-mds","WebServices MDS4","https://queenbee.loni-lsu.teragrid.org:8443/wsrf/services/DefaultIndexService","loni-lsu.teragrid.org","queenbee.loni-lsu.teragrid.org","science-gateway.teragrid.org","4.2.0","ctss","production","production","2009-07-23T05:04:15Z"
"prews-gram","4.0.8","prews-gram-fork","Pre-WebServices GRAM","queenbee.loni-lsu.teragrid.org:2119/jobmanager","loni-lsu.teragrid.org","queenbee.loni-lsu.teragrid.org","science-gateway.teragrid.org","4.2.0","ctss","production","production","2009-07-23T05:04:15Z"
"globus-mds4","4.0.8","globus-mds-secure","WebServices MDS4","https://queenbee.loni-lsu.teragrid.org:8443/wsrf/services/SecureIndexService","loni-lsu.teragrid.org","queenbee.loni-lsu.teragrid.org","science-gateway.teragrid.org","4.2.0","ctss","production","production","2009-07-23T05:04:15Z"
"mcp","1.0","mcp","","not_applicable","loni-lsu.teragrid.org","queenbee.loni-lsu.teragrid.org","metascheduling.teragrid.org","4.2.0","ctss","production","production","2009-07-23T05:04:15Z"
"globus-mds4","4.0.8","globus-mds-info","WebServices MDS4","https://lonestar.tacc.utexas.edu:8446/wsrf/services/DefaultIndexService","tacc.teragrid.org","lonestar.tacc.teragrid.org","core.teragrid.org","4.2.0","ctss","production","production","2009-07-23T05:06:27Z"
"gridftp","4.0.8","gridftp-default-server","GridFTP","gsiftp://tg-gridftp.lonestar.tacc.teragrid.org:2811/","tacc.teragrid.org","lonestar.tacc.teragrid.org","data-movement-servers.teragrid.org","4.2.0","ctss","production","production","2009-07-23T05:06:27Z"
"gridftp","4.0.8","gridftp-nonstriped-server","GridFTP","gsiftp://tg-gridftp.lonestar.tacc.teragrid.org:2812/","tacc.teragrid.org","lonestar.tacc.teragrid.org","data-movement-servers.teragrid.org","4.2.0","ctss","production","production","2009-07-23T05:06:27Z"
"gridftp","4.0.8","gridftp-striped-server","GridFTP","gsiftp://tg-gridftp.lonestar.tacc.teragrid.org:2811/","tacc.teragrid.org","lonestar.tacc.teragrid.org","data-movement-servers.teragrid.org","4.2.0","ctss","production","production","2009-07-23T05:06:27Z"
"gsi-openssh","4.5","gsi-scp-hpn-server","GSI OpenSSH","gridftp.lonestar.tacc.teragrid.org:22","tacc.teragrid.org","lonestar.tacc.teragrid.org","data-movement-servers.teragrid.org","4.2.0","ctss","production","production","2009-07-23T05:06:27Z"
"ws-rft","4.0.8","rft","WebServices Reliable File Transfer","https://gatekeeper.lonestar.tacc.teragrid.org:8443/wsrf/services/ReliableFileTransferService","tacc.teragrid.org","lonestar.tacc.teragrid.org","data-movement-servers.teragrid.org","4.2.0","ctss","production","production","2009-07-23T05:06:27Z"
"gsi-openssh","4.5p1","gsi-openssh","GSI OpenSSH","tg-login.lonestar.tacc.teragrid.org:22","tacc.teragrid.org","lonestar.tacc.teragrid.org","login.teragrid.org","4.0.0","ctss","production","production","2009-07-23T05:06:27Z"
"condor-g","7.2.1","condor-g","Condor-G","embedded_in_software","tacc.teragrid.org","lonestar.tacc.teragrid.org","workflow.teragrid.org","4.2.0","ctss","production","production","2009-07-23T05:06:27Z"
"condor-g-matchmaking","7.2.1","condor-g-matchmaking","","embedded_in_software","tacc.teragrid.org","lonestar.tacc.teragrid.org","workflow.teragrid.org","4.2.0","ctss","production","production","2009-07-23T05:06:27Z"
"globus-mds4","4.0.8","globus-mds-secure","WebServices MDS4","https://gatekeeper.lonestar.tacc.teragrid.org:8443/wsrf/services/SecureIndexService","tacc.teragrid.org","lonestar.tacc.teragrid.org","remote-compute.teragrid.org","4.2.0","ctss","production","production","2009-07-23T05:06:27Z"
"globus-mds4","4.0.8","globus-mds","WebServices MDS4","https://gatekeeper.lonestar.tacc.teragrid.org:8443/wsrf/services/DefaultIndexService","tacc.teragrid.org","lonestar.tacc.teragrid.org","remote-compute.teragrid.org","4.2.0","ctss","production","production","2009-07-23T05:06:27Z"
"prews-gram","4.0.8","prews-gram-fork","Pre-WebServices GRAM","gatekeeper.lonestar.tacc.teragrid.org:2119/jobmanager-fork","tacc.teragrid.org","lonestar.tacc.teragrid.org","remote-compute.teragrid.org","4.2.0","ctss","production","production","2009-07-23T05:06:27Z"
"ws-delegation","4.0.8","ws-delegation","WebServices Delegation","https://gatekeeper.lonestar.tacc.teragrid.org:8443/wsrf/services/DelegationService","tacc.teragrid.org","lonestar.tacc.teragrid.org","remote-compute.teragrid.org","4.2.0","ctss","production","production","2009-07-23T05:06:27Z"
"ws-gram","4.0.8","ws-gram/Fork","WebServices GRAM","https://gatekeeper.lonestar.tacc.teragrid.org:8443/wsrf/services/ManagedJobFactoryService","tacc.teragrid.org","lonestar.tacc.teragrid.org","remote-compute.teragrid.org","4.2.0","ctss","production","production","2009-07-23T05:06:27Z"
"prews-gram","4.0.7","prews-gram-lsf","Pre-WebServices GRAM","gatekeeper.lonestar.tacc.teragrid.org:2119/jobmanager-lsf","tacc.teragrid.org","lonestar.tacc.teragrid.org","remote-compute.teragrid.org","4.2.0","ctss","production","production","2009-07-23T05:06:27Z"
"ws-gram","4.0.8","ws-gram/LSF","WebServices GRAM","https://gatekeeper.lonestar.tacc.teragrid.org:8443/wsrf/services/ManagedJobFactoryService","tacc.teragrid.org","lonestar.tacc.teragrid.org","remote-compute.teragrid.org","4.2.0","ctss","production","production","2009-07-23T05:06:27Z"
"globus-mds4","4.0.8","globus-mds-secure","WebServices MDS4","https://gatekeeper.lonestar.tacc.teragrid.org:8443/wsrf/services/SecureIndexService","tacc.teragrid.org","lonestar.tacc.teragrid.org","science-gateway.teragrid.org","4.2.0","ctss","production","production","2009-07-23T05:06:27Z"
"globus-mds4","4.0.8","globus-mds","WebServices MDS4","https://gatekeeper.lonestar.tacc.teragrid.org:8443/wsrf/services/DefaultIndexService","tacc.teragrid.org","lonestar.tacc.teragrid.org","science-gateway.teragrid.org","4.2.0","ctss","production","production","2009-07-23T05:06:27Z"
"ws-gram","4.0.8","ws-gram/LSF","WebServices GRAM","https://gatekeeper.lonestar.tacc.teragrid.org:8443/wsrf/services/ManagedJobFactoryService","tacc.teragrid.org","lonestar.tacc.teragrid.org","science-gateway.teragrid.org","4.2.0","ctss","production","production","2009-07-23T05:06:27Z"
"prews-gram","4.0.7","prews-gram-lsf","Pre-WebServices GRAM","gatekeeper.lonestar.tacc.teragrid.org:2119/jobmanager-lsf","tacc.teragrid.org","lonestar.tacc.teragrid.org","science-gateway.teragrid.org","4.2.0","ctss","production","production","2009-07-23T05:06:27Z"
"prews-gram","4.0.8","prews-gram-fork","Pre-WebServices GRAM","gatekeeper.lonestar.tacc.teragrid.org:2119/jobmanager-fork","tacc.teragrid.org","lonestar.tacc.teragrid.org","science-gateway.teragrid.org","4.2.0","ctss","production","production","2009-07-23T05:06:27Z"
"ws-delegation","4.0.8","ws-delegation","WebServices Delegation","https://gatekeeper.lonestar.tacc.teragrid.org:8443/wsrf/services/DelegationService","tacc.teragrid.org","lonestar.tacc.teragrid.org","science-gateway.teragrid.org","4.2.0","ctss","production","production","2009-07-23T05:06:27Z"
"ws-gram","4.0.8","ws-gram/Fork","WebServices GRAM","https://gatekeeper.lonestar.tacc.teragrid.org:8443/wsrf/services/ManagedJobFactoryService","tacc.teragrid.org","lonestar.tacc.teragrid.org","science-gateway.teragrid.org","4.2.0","ctss","production","production","2009-07-23T05:06:27Z"
"ws-ogsa-dai","4.0.8","ogsa-dai/TeraGridResource","OGSA DAI","https://gatekeeper.lonestar.tacc.teragrid.org:8443/wsrf/services/ogsadai/Teragrid","tacc.teragrid.org","lonestar.tacc.teragrid.org","science-gateway.teragrid.org","4.2.0","ctss","production","production","2009-07-23T05:06:27Z"
"globus-mds4","4.0.7","globus-mds-info","WebServices MDS4","https://gram.bigben.psc.teragrid.org:8446/wsrf/services/DefaultIndexService","psc.teragrid.org","bigben.psc.teragrid.org","core.teragrid.org","4.2.0","ctss","production","production","2009-07-23T05:06:00Z"
"gsi-openssh","4.5","gsi-openssh","GSI OpenSSH","tg-login.bigben.psc.teragrid.org:22","psc.teragrid.org","bigben.psc.teragrid.org","login.teragrid.org","4.0.0","ctss","production","production","2009-07-23T05:06:00Z"
"globus-mds4","4.0.7","globus-mds-secure","WebServices MDS4","https://gram.bigben.psc.teragrid.org:8443/wsrf/services/SecureIndexService","psc.teragrid.org","bigben.psc.teragrid.org","remote-compute.teragrid.org","4.0.2","ctss","production","production","2009-07-23T05:06:00Z"
"globus-mds4","4.0.7","globus-mds","WebServices MDS4","https://gram.bigben.psc.teragrid.org:8443/wsrf/services/DefaultIndexService","psc.teragrid.org","bigben.psc.teragrid.org","remote-compute.teragrid.org","4.0.2","ctss","production","production","2009-07-23T05:06:00Z"
"prews-gram","4.0.7","prews-gram-pbs","Pre-WebServices GRAM","gram.bigben.psc.teragrid.org:2119/jobmanager-pbs","psc.teragrid.org","bigben.psc.teragrid.org","remote-compute.teragrid.org","4.0.2","ctss","production","production","2009-07-23T05:06:00Z"
"ws-gram","4.0.7","ws-gram/PBS","WebServices GRAM","https://gram.bigben.psc.teragrid.org:8443/wsrf/services/ManagedJobFactoryService","psc.teragrid.org","bigben.psc.teragrid.org","remote-compute.teragrid.org","4.0.2","ctss","production","production","2009-07-23T05:06:00Z"
"gridftp","4.0.8","gridftp-default-server","GridFTP","gsiftp://gridftp.bigben.psc.teragrid.org:2811/","psc.teragrid.org","bigben.psc.teragrid.org","data-movement.teragrid.org","4.1.2","ctss","production","production","2009-07-23T05:06:00Z"
"ws-rft","4.0.8","rft","WebServices Reliable File Transfer","https://rft.psc.teragrid.org:8443/wsrf/services/ReliableFileTransferService","psc.teragrid.org","bigben.psc.teragrid.org","data-movement.teragrid.org","4.1.2","ctss","production","production","2009-07-23T05:06:00Z"
"gridftp","4.0.8","gridftp-striped-server","GridFTP","gsiftp://gridftp.bigben.psc.teragrid.org:2811/","psc.teragrid.org","bigben.psc.teragrid.org","data-movement.teragrid.org","4.1.2","ctss","production","production","2009-07-23T05:06:00Z"
"gsi-openssh","4.5","gsi-scp-hpn","GSI OpenSSH","tg-login.bigben.psc.teragrid.org:22","psc.teragrid.org","bigben.psc.teragrid.org","data-movement.teragrid.org","4.1.2","ctss","production","production","2009-07-23T05:06:00Z"
"globus-mds4","4.0.8","globus-mds-info","WebServices MDS4","https://gatekeeper.ranger.tacc.teragrid.org:8446/wsrf/services/DefaultIndexService","tacc.teragrid.org","ranger.tacc.teragrid.org","core.teragrid.org","4.2.0","ctss","production","production","2009-07-23T05:04:54Z"
"gsi-openssh","4.7p1","gsi-openssh","GSI OpenSSH","tg-login.ranger.tacc.teragrid.org:22","tacc.teragrid.org","ranger.tacc.teragrid.org","login.teragrid.org","4.0.0","ctss","production","production","2009-07-23T05:04:54Z"
"condor-g","7.2.1","condor-g","Condor-G","embedded_in_software","tacc.teragrid.org","ranger.tacc.teragrid.org","workflow.teragrid.org","4.2.0","ctss","production","production","2009-07-23T05:04:54Z"
"condor-g-matchmaking","7.2.1","condor-g-matchmaking","","embedded_in_software","tacc.teragrid.org","ranger.tacc.teragrid.org","workflow.teragrid.org","4.2.0","ctss","production","production","2009-07-23T05:04:54Z"
"globus-mds4","4.0.8","globus-mds-secure","WebServices MDS4","https://gatekeeper.ranger.tacc.teragrid.org:8443/wsrf/services/SecureIndexService","tacc.teragrid.org","ranger.tacc.teragrid.org","remote-compute.teragrid.org","4.0.2","ctss","production","production","2009-07-23T05:04:54Z"
"globus-mds4","4.0.8","globus-mds","WebServices MDS4","https://gatekeeper.ranger.tacc.teragrid.org:8443/wsrf/services/DefaultIndexService","tacc.teragrid.org","ranger.tacc.teragrid.org","remote-compute.teragrid.org","4.0.2","ctss","production","production","2009-07-23T05:04:54Z"
"prews-gram","4.0.7","prews-gram-fork","Pre-WebServices GRAM","gatekeeper.ranger.tacc.teragrid.org:2119/jobmanager-fork","tacc.teragrid.org","ranger.tacc.teragrid.org","remote-compute.teragrid.org","4.0.2","ctss","production","production","2009-07-23T05:04:54Z"
"ws-delegation","4.0.8","ws-delegation","WebServices Delegation","https://gatekeeper.ranger.tacc.teragrid.org:8443/wsrf/services/DelegationService","tacc.teragrid.org","ranger.tacc.teragrid.org","remote-compute.teragrid.org","4.0.2","ctss","production","production","2009-07-23T05:04:54Z"
"prews-gram","4.0.7","prews-gram-sge","Pre-WebServices GRAM","gatekeeper.ranger.tacc.teragrid.org:2119/jobmanager-sge","tacc.teragrid.org","ranger.tacc.teragrid.org","remote-compute.teragrid.org","4.0.2","ctss","production","production","2009-07-23T05:04:54Z"
"ws-gram","4.0.8","ws-gram/Fork","WebServices GRAM","https://gatekeeper.ranger.tacc.teragrid.org:8443/wsrf/services/ManagedJobFactoryService","tacc.teragrid.org","ranger.tacc.teragrid.org","remote-compute.teragrid.org","4.0.2","ctss","production","production","2009-07-23T05:04:54Z"
"ws-ogsa-dai","4.0.8","ogsa-dai/TeraGridResource","OGSA DAI","https://gatekeeper.ranger.tacc.teragrid.org:8443/wsrf/services/ogsadai/Teragrid","tacc.teragrid.org","ranger.tacc.teragrid.org","remote-compute.teragrid.org","4.0.2","ctss","production","production","2009-07-23T05:04:54Z"
"gridftp","4.0.8","gridftp-default-server","GridFTP","gsiftp://gridftp.ranger.tacc.teragrid.org:2811/","tacc.teragrid.org","ranger.tacc.teragrid.org","data-movement-servers.teragrid.org","4.2.0","ctss","production","production","2009-07-23T05:04:54Z"
"gridftp","4.0.8","gridftp-nonstriped-server","GridFTP","gsiftp://gridftp.ranger.tacc.teragrid.org:2812/","tacc.teragrid.org","ranger.tacc.teragrid.org","data-movement-servers.teragrid.org","4.2.0","ctss","production","production","2009-07-23T05:04:54Z"
"gridftp","4.0.8","gridftp-striped-server","GridFTP","gsiftp://gridftp.ranger.tacc.teragrid.org:2811/","tacc.teragrid.org","ranger.tacc.teragrid.org","data-movement-servers.teragrid.org","4.2.0","ctss","production","production","2009-07-23T05:04:54Z"
"gsi-openssh","4.5","gsi-scp-hpn-server","GSI OpenSSH","gridftp.ranger.tacc.teragrid.org:22","tacc.teragrid.org","ranger.tacc.teragrid.org","data-movement-servers.teragrid.org","4.2.0","ctss","production","production","2009-07-23T05:04:54Z"
"ws-rft","4.0.8","rft","WebServices Reliable File Transfer","https://ranger.tacc.teragrid.org:8443/wsrf/services/ReliableFileTransferService","tacc.teragrid.org","ranger.tacc.teragrid.org","data-movement-servers.teragrid.org","4.2.0","ctss","production","production","2009-07-23T05:04:54Z"
"globus-mds4","4.0.7","globus-mds-info","WebServices MDS4","https://grid-co.ncsa.teragrid.org:8446/wsrf/services/DefaultIndexService","ncsa.teragrid.org","cobalt.ncsa.teragrid.org","core.teragrid.org","4.2.0","ctss","production","production","2009-07-23T05:02:16Z"
"gsi-openssh","4.5","gsi-openssh","GSI OpenSSH","login-co.ncsa.teragrid.org:22","ncsa.teragrid.org","cobalt.ncsa.teragrid.org","login.teragrid.org","4.0.0","ctss","production","production","2009-07-23T05:02:16Z"
"gridftp","4.0.8","gridftp-default-server","GridFTP","gsiftp://gridftp-co.ncsa.teragrid.org:2811/","ncsa.teragrid.org","cobalt.ncsa.teragrid.org","data-movement.teragrid.org","4.1.2","ctss","production","production","2009-07-23T05:02:16Z"
"gridftp","4.0.8","gridftp-nonstriped-server","GridFTP","gsiftp://grid-co.ncsa.teragrid.org:2812/","ncsa.teragrid.org","cobalt.ncsa.teragrid.org","data-movement.teragrid.org","4.1.2","ctss","production","production","2009-07-23T05:02:16Z"
"gridftp","4.0.8","gridftp-striped-server","GridFTP","gsiftp://grid-co.ncsa.teragrid.org:2811/","ncsa.teragrid.org","cobalt.ncsa.teragrid.org","data-movement.teragrid.org","4.1.2","ctss","production","production","2009-07-23T05:02:16Z"
"gsi-openssh","4.5","gsi-scp-hpn","GSI OpenSSH","login-co.ncsa.teragrid.org:22","ncsa.teragrid.org","cobalt.ncsa.teragrid.org","data-movement.teragrid.org","4.1.2","ctss","production","production","2009-07-23T05:02:16Z"
"ws-rft","4.0.7","rft","WebServices Reliable File Transfer","https://grid-co.ncsa.teragrid.org:8443/wsrf/services/ReliableFileTransferService","ncsa.teragrid.org","cobalt.ncsa.teragrid.org","data-movement.teragrid.org","4.1.2","ctss","production","production","2009-07-23T05:02:16Z"
"condor-g","6.7.18","condor-g","Condor-G","embedded_in_software","ncsa.teragrid.org","cobalt.ncsa.teragrid.org","workflow.teragrid.org","4.0.0","ctss","production","production","2009-07-23T05:02:16Z"
"globus-mds4","4.0.7","globus-mds-secure","WebServices MDS4","https://grid-co.ncsa.teragrid.org:8443/wsrf/services/SecureIndexService","ncsa.teragrid.org","cobalt.ncsa.teragrid.org","remote-compute.teragrid.org","4.0.2","ctss","production","production","2009-07-23T05:02:16Z"
"prews-gram","4.0.7","prews-gram-fork","Pre-WebServices GRAM","grid-co.ncsa.teragrid.org:2119/jobmanager-fork","ncsa.teragrid.org","cobalt.ncsa.teragrid.org","remote-compute.teragrid.org","4.0.2","ctss","production","production","2009-07-23T05:02:16Z"
"prews-gram","4.0.7","prews-gram-pbs","Pre-WebServices GRAM","grid-co.ncsa.teragrid.org:2119/jobmanager-pbs","ncsa.teragrid.org","cobalt.ncsa.teragrid.org","remote-compute.teragrid.org","4.0.2","ctss","production","production","2009-07-23T05:02:16Z"
"ws-delegation","4.0.7","ws-delegation","WebServices Delegation","https://grid-co.ncsa.teragrid.org:8443/wsrf/services/DelegationService","ncsa.teragrid.org","cobalt.ncsa.teragrid.org","remote-compute.teragrid.org","4.0.2","ctss","production","production","2009-07-23T05:02:16Z"
"ws-gram","4.0.7","ws-gram/Fork","WebServices GRAM","https://grid-co.ncsa.teragrid.org:8443/wsrf/services/ManagedJobFactoryService","ncsa.teragrid.org","cobalt.ncsa.teragrid.org","remote-compute.teragrid.org","4.0.2","ctss","production","production","2009-07-23T05:02:16Z"
"ws-gram","4.0.7","ws-gram/PBS","WebServices GRAM","https://grid-co.ncsa.teragrid.org:8443/wsrf/services/ManagedJobFactoryService","ncsa.teragrid.org","cobalt.ncsa.teragrid.org","remote-compute.teragrid.org","4.0.2","ctss","production","production","2009-07-23T05:02:16Z"
"ws-ogsa-dai","4.0.7","ogsa-dai/TeraGridResource","OGSA DAI","https://grid-co.ncsa.teragrid.org:8443/wsrf/services/ogsadai/Teragrid","ncsa.teragrid.org","cobalt.ncsa.teragrid.org","remote-compute.teragrid.org","4.0.2","ctss","production","production","2009-07-23T05:02:16Z"
"globus-mds4","4.0.7","globus-mds","WebServices MDS4","https://grid-co.ncsa.teragrid.org:8443/wsrf/services/DefaultIndexService","ncsa.teragrid.org","cobalt.ncsa.teragrid.org","remote-compute.teragrid.org","4.0.2","ctss","production","production","2009-07-23T05:02:16Z"
"mcp","1.0","mcp","","not_applicable","ncsa.teragrid.org","cobalt.ncsa.teragrid.org","metascheduling.teragrid.org","4.2.0","ctss","production","production","2009-07-23T05:02:16Z"
"globus-mds4","4.0.8","globus-mds-info","WebServices MDS4","https://tg-login.ornl.teragrid.org:8446/wsrf/services/DefaultIndexService","ornl.teragrid.org","nstg.ornl.teragrid.org","core.teragrid.org","4.2.0","ctss","production","production","2009-07-23T05:01:33Z"
"gsi-openssh","3.9p1","gsi-openssh","GSI OpenSSH","tg-login.ornl.teragrid.org:22","ornl.teragrid.org","nstg.ornl.teragrid.org","login.teragrid.org","4.0.0","ctss","production","production","2009-07-23T05:01:33Z"
"gridftp","4.0.8","gridftp-striped-server","GridFTP","gsiftp://tg-gridftp.ornl.teragrid.org:2811/","ornl.teragrid.org","nstg.ornl.teragrid.org","data-movement.teragrid.org","4.1.2","ctss","production","production","2009-07-23T05:01:33Z"
"ws-rft","4.0.7","rft","WebServices Reliable File Transfer","https://tg-login.ornl.teragrid.org:8443/wsrf/services/ReliableFileTransferService","ornl.teragrid.org","nstg.ornl.teragrid.org","data-movement.teragrid.org","4.1.2","ctss","production","production","2009-07-23T05:01:33Z"
"gsi-openssh","4.5","gsi-scp-hpn","GSI OpenSSH","tg-login.ornl.teragrid.org:22","ornl.teragrid.org","nstg.ornl.teragrid.org","data-movement.teragrid.org","4.1.2","ctss","production","production","2009-07-23T05:01:33Z"
"gridftp","4.0.8","gridftp-default-server","GridFTP","gsiftp://tg-gridftp.ornl.teragrid.org:2811/","ornl.teragrid.org","nstg.ornl.teragrid.org","data-movement.teragrid.org","4.1.2","ctss","production","production","2009-07-23T05:01:33Z"
"condor-g","6.7.18","condor-g","Condor-G","embedded_in_software","ornl.teragrid.org","nstg.ornl.teragrid.org","workflow.teragrid.org","4.0.0","ctss","production","production","2009-07-23T05:01:33Z"
"globus-mds4","4.0.7","globus-mds-secure","WebServices MDS4","https://tg-login.ornl.teragrid.org:8443/wsrf/services/SecureIndexService","ornl.teragrid.org","nstg.ornl.teragrid.org","remote-compute.teragrid.org","4.0.2","ctss","production","production","2009-07-23T05:01:33Z"
"ws-gram","4.0.7","ws-gram/Fork","WebServices GRAM","https://tg-login.ornl.teragrid.org:8443/wsrf/services/ManagedJobFactoryService","ornl.teragrid.org","nstg.ornl.teragrid.org","remote-compute.teragrid.org","4.0.2","ctss","production","production","2009-07-23T05:01:33Z"
"ws-gram","4.0.7","ws-gram/PBS","WebServices GRAM","https://tg-login.ornl.teragrid.org:8443/wsrf/services/ManagedJobFactoryService","ornl.teragrid.org","nstg.ornl.teragrid.org","remote-compute.teragrid.org","4.0.2","ctss","production","production","2009-07-23T05:01:33Z"
"prews-gram","4.0.7","prews-gram-pbs","Pre-WebServices GRAM","tg-login.ornl.teragrid.org:2119/jobmanager-pbs","ornl.teragrid.org","nstg.ornl.teragrid.org","remote-compute.teragrid.org","4.0.2","ctss","production","production","2009-07-23T05:01:33Z"
"globus-mds4","4.0.7","globus-mds","WebServices MDS4","https://tg-login.ornl.teragrid.org:8443/wsrf/services/DefaultIndexService","ornl.teragrid.org","nstg.ornl.teragrid.org","remote-compute.teragrid.org","4.0.2","ctss","production","production","2009-07-23T05:01:33Z"
"prews-gram","4.0.7","prews-gram-fork","Pre-WebServices GRAM","tg-login.ornl.teragrid.org:2119/jobmanager-fork","ornl.teragrid.org","nstg.ornl.teragrid.org","remote-compute.teragrid.org","4.0.2","ctss","production","production","2009-07-23T05:01:33Z"
"ws-delegation","4.0.7","ws-delegation","WebServices Delegation","https://tg-login.ornl.teragrid.org:8443/wsrf/services/DelegationService","ornl.teragrid.org","nstg.ornl.teragrid.org","remote-compute.teragrid.org","4.0.2","ctss","production","production","2009-07-23T05:01:33Z"
"ws-ogsa-dai","4.0.7","ogsa-dai/TeraGridResource","OGSA DAI","https://tg-login.ornl.teragrid.org:8443/wsrf/services/ogsadai/Teragrid","ornl.teragrid.org","nstg.ornl.teragrid.org","remote-compute.teragrid.org","4.0.2","ctss","production","production","2009-07-23T05:01:33Z"
